K-000573,魹ｽﾔｺ魹ｽ魹ｽ魹ｽ魹ｽ魹ｽ 300mg/PTP,A11A1270A006002,https://common.health.kr/shared/images/sb_photo/big3/A11A1270A006002.jpg
K-001029,魹ｽﾎｷ魹ｽ魹ｽ魹ｽ魹ｽ魹ｽ 400mg,A11A0500A013102,https://common.health.kr/shared/images/sb_photo/big3/A11A0500A013102.jpg
K-000272,魹ｽ魹ｽ魹ｽ魹ｽ魹ｽ魹ｽ 250mg/PTP,A11A0120A028601,https://common.health.kr/shared/images/sb_photo/big3/A11A0120A028601.jpg
K-000250,魹ｽ魹ｽ魹ｽﾗｹ魹ｽ魹ｽ魹ｽ(魹ｽ魹ｽ魹ｽ魹ｽﾈｭ魹ｽ魹ｽ魹ｽﾗｳﾗｽ魹ｽ),A11ABBBBB116801,https://common.health.kr/shared/images/sb_photo/big3/A11ABBBBB116801.jpg
K-000112,魹ｽﾆｷﾎｳ魹ｽ魹ｽﾎｰ魹ｽ魹ｽ魹ｽ魹ｽ 72.2mg/PTP (魹ｽ魹ｽ魹ｽ魹ｽ魹ｽ),A11A0340A019501,https://common.health.kr/shared/images/sb_photo/big3/A11A0340A019501.jpg
K-000746,魹ｽ魹ｽ魹ｽ魹ｽ魹ｽ魹ｽ 100mg,A11A0430A017402,https://common.health.kr/shared/images/sb_photo/big3/A11A0430A017402.jpg
K-000121,魹ｽ魹ｽ魹ｽ魹ｽ魹ｽ魹ｽ魹ｽ魹ｽ魹ｽ魹ｽ魹ｽ魹ｽ(魹ｽ魹ｽ魹ｽ魹ｽ魹ｽ魹ｽ蟶ｮ魹ｽ魹ｽ魹ｽ魹ｽﾆｮ),A11A0950A004302,https://common.health.kr/shared/images/sb_photo/big3/A11A0950A004302.jpg
K-002240,魹ｽﾌｺ魹ｽ魹ｽ魹ｽ魹ｽ魹ｽ 400mg,A11A0860A014804,https://common.health.kr/shared/images/sb_photo/big3/A11A0860A014804.jpg
K-001866,魹ｽﾋｸ魹ｽ魹ｽ魹ｽ魹ｽ魹ｽ(魹ｽﾋｸ魹ｽ魹ｽ魹ｽ魹ｽ魹ｽﾆｮ)(魹ｽ魹ｽ魹ｽ魹ｽ魹ｽ:魹ｽ魹ｽ魹ｽﾑｰ魹ｽ魹ｽ魹ｽﾆｮ魹ｽ魹ｽ魹ｽ魹ｽ魹ｽ),A11A0450A039801,https://common.health.kr/shared/images/sb_photo/big3/A11A0450A039801.jpg
K-003078,魹ｽ魹ｽ魹ｽﾚｽ魹ｽ魹ｽ魹ｽﾄｸ魹ｽ魹ｽ 100mg,A11A1000A019401,https://common.health.kr/shared/images/sb_photo/big3/A11A1000A019401.jpg
K-004378,ﾅｸ魹ｽﾌｷ魹ｽ魹ｽ魹ｽ魹ｽ魹ｽ500mg,2.02108E+14,https://common.health.kr/shared/images/sb_photo/big3/202108240000201.jpg
K-007024,魹ｽﾑｽ魹ｽﾅｻ魹ｽﾃｷ魹ｽ魹ｽ魹ｽ魹ｽ魹ｽ 315mg/PTP,A11A0740B000905,https://common.health.kr/shared/images/sb_photo/big3/A11A0740B000905.jpg
K-007822,魹ｽﾑｽ魹ｽﾅｻ魹ｽ魹ｽ魹ｽ魹ｽ魹ｽ,A11A0740B001102,https://common.health.kr/shared/images/sb_photo/big3/A11A0740B001102.jpg
K-010140,魹ｽ魹ｽ魹ｽﾌｿ魹ｽ魹ｽﾆｽ魹ｽ魹ｽﾇｸ魹ｽ魹ｽ魹ｽ 500mg,A11A1380A000801,https://common.health.kr/shared/images/sb_photo/big3/A11A1380A000801.jpg
K-011354,魹ｽﾖｵ魹ｽ魹ｽ魹ｽ魹ｽ 200mL/PTP,A11AGGGGA534901,https://common.health.kr/shared/images/sb_photo/big3/A11AGGGGA534901.jpg
K-010446,魹ｽ魹ｽ魹ｽﾑｺ魹ｽﾅｸ魹ｽﾎｾ魹ｽ魹ｽ魹ｽ1000mg/PTP,A11AHHHHH024302,https://common.health.kr/shared/images/sb_photo/big3/A11AHHHHH024302.jpg
K-012249,魹ｽ魹ｽﾕｽ魹ｽﾅｸ魹ｽﾌｷ魹ｽ魹ｽ魹ｽ魹ｽ魹ｽ 500mg/PTP,2.02202E+14,https://common.health.kr/shared/images/sb_photo/big3/202202110000101.jpg
K-012769,魹ｽ魹ｽ魹ｽﾍｺ魹ｽ魹ｽ魹ｽ魹ｽ魹ｽ魹ｽ魹ｽ 80mg/魹ｽ魹ｽ,A11AOOOOO081601,https://common.health.kr/shared/images/sb_photo/big3/A11AOOOOO081601.jpg
K-013626,ﾅｸ魹ｽﾌｷ魹ｽ魹ｽ魹ｽ魹ｽﾝｵ魹ｽ-魹ｽ魹ｽ魹ｽ魹ｽ魹ｽ魹ｽ 325mg/PTP,2.0211E+14,https://common.health.kr/shared/images/sb_photo/big3/202110180001001.jpg
K-019843,魹ｽ邵ｮ魹ｽ魹ｽ魹ｽ魹ｽ魹ｽ魹ｽ魹ｽ魹ｽ 250mg/PTP,A11A4400A003201,https://common.health.kr/shared/images/sb_photo/big3/A11A4400A003201.jpg
K-019553,魹ｽ魹ｽ魹ｽﾃｰ魹ｽ魹ｽﾄｸ魹ｽ魹ｽ 10mg/PTP,5jzbzt2j0x9g101,https://common.health.kr/shared/images/sb_photo/big3/5jzbzt2j0x9g101.jpg
K-022095,魹ｽ魹ｽ魹ｽ魹ｽﾅｸ魹ｽ魹ｽ魹ｽ魹ｽ 50mg/PTP,trna7vrzacd2802,https://common.health.kr/shared/images/sb_photo/big3/trna7vrzacd2802.jpg
K-025458,魹ｽﾗｳ魹ｽ魹ｽ魹ｽ魹ｽ魹ｽ 75mg/PTP,2.00907E+14,https://common.health.kr/shared/images/sb_photo/big3/200907150565601.jpg
K-024854,魹ｽ魹ｽ魹ｽ魹ｽﾅ･魹ｽ魹ｽ 300mg/PTP,A11AKP08K008801,https://common.health.kr/shared/images/sb_photo/big3/A11AKP08K008801.jpg
K-025500,魹ｽ魹ｽ魹ｽ魹ｽﾅｸ魹ｽ魹ｽ魹ｽ魹ｽ 175mg/PTP,2.00907E+14,https://common.health.kr/shared/images/sb_photo/big3/200907150569903.jpg
K-025276,魹ｽﾎｽ魹ｽ魹ｽ魹ｽ魹ｽ魹ｽ魹ｽﾃｷ魹ｽ魹ｽ魹ｽ魹ｽ魹ｽ 10mg/PTP,2.00907E+14,https://common.health.kr/shared/images/sb_photo/big3/200907150547403.jpg
K-025189,魹ｽ魹ｽ魹ｽ魹ｽ魹ｽ魹ｽﾆｮ魹ｽ魹ｽ(魹ｽﾏｺ魹ｽﾏｼﾖｿ魹ｽ魹ｽ徜ｰ),2.00907E+14,https://common.health.kr/shared/images/sb_photo/big3/200907150540503.jpg
K-030518,ﾈｭ魹ｽ魹ｽ魹ｽ魹ｽ魹ｽ魹ｽ魹ｽ魹ｽ魹ｽﾃｷ魹ｽ魹ｽ魹ｽﾄｸ魹ｽ魹ｽ 200mg/PTP,2.01301E+14,https://common.health.kr/shared/images/sb_photo/big3/201301070000802.jpg
K-031974,魹ｽﾞｰ魹ｽﾆｮ魹ｽ魹ｽ魹ｽ魹ｽ魹ｽ魹ｽ 25mg/魹ｽ魹ｽ,2.0131E+14,https://common.health.kr/shared/images/sb_photo/big3/201310110001302.jpg
K-034827,魹ｽ魹ｽ魹ｽ魹ｽ魹ｽ魹ｽ魹ｽﾝｵ魹ｽﾄｸ魹ｽ魹ｽ 158mg/魹ｽ魹ｽ,2.01412E+14,https://common.health.kr/shared/images/sb_photo/big3/201412020003201.jpg
K-037501,魹ｽ魹ｽﾆｼ魹ｽ魹ｽ魹ｽ魹ｽ魹ｽ魹ｽ魹ｽ彽ｺ魹ｽ魹ｽ 650.132mg/魹ｽ魹ｽ,2.0151E+14,https://common.health.kr/shared/images/sb_photo/big3/201510050000902.jpg
K-037988,魹ｽ贛ｺ魹ｽ魹ｽ魹ｽ魹ｽ魹ｽ魹ｽ魹ｽ魹ｽ魹ｽ魹ｽ 80mg/PTP,2.01512E+14,https://common.health.kr/shared/images/sb_photo/big3/201512150000102.jpg
K-044660,ﾄｫ魹ｽ魹ｽ魹ｽ魹ｽ魹ｽﾚｿﾍｾ魹ｽ魹ｽ魹ｽ魹ｽ魹ｽ 25mg/PTP,2.0181E+14,https://common.health.kr/shared/images/sb_photo/big3/201810050000601.jpg
K-038400,魹ｽ魹ｽ魹ｽ魹ｽ魹ｽ魹ｽ6魹ｽ魹ｽﾆｮ魹ｽﾕｿ魹ｽ魹ｽ魹ｽﾄｸ魹ｽ魹ｽ 250mg/PTP,2.01602E+14,https://common.health.kr/shared/images/sb_photo/big3/201602290000405.jpg
K-038171,ﾈｭ魹ｽﾝｾ魹ｽ魹ｽ魹ｽ魹ｽ魹ｽ魹ｽ魹ｽ魹ｽ魹ｽﾄｸ魹ｽ魹ｽ 200mg/PTP,2.01601E+14,https://common.health.kr/shared/images/sb_photo/big3/201601260002602.jpg
K-002058,魹ｽ魹ｽ魹ｽ魹ｽ魹ｽ魹ｽ魹ｽ魹ｽ 400mg,A11A3300B001802,https://common.health.kr/shared/images/sb_photo/big3/A11A3300B001802.jpg
K-004490,魹ｽ魹ｽ魹ｽﾇｸ魹ｽﾆｼ魹ｽ魹ｽ 300mg/魹ｽ魹ｽ,A11A0150A065005,https://common.health.kr/shared/images/sb_photo/big3/A11A0150A065005.jpg
K-005165,魹ｽﾋｸ魹ｽ魹ｽﾃｵ魹ｽ魹ｽ魹ｽA11A1560B003105,A11A1560B003105,https://common.health.kr/shared/images/sb_photo/big3/A11A1560B003105.jpg
K-006731,魹ｽﾋｸ魹ｽ魹ｽ魹ｽﾆｮ魹ｽ魹ｽ,A11A5060B009802,https://common.health.kr/shared/images/sb_photo/big3/A11A5060B009802.jpg
K-007019,魹ｽﾋｷ魹ｽ魹ｽﾗｶ魹ｽ魹ｽ魹ｽ 120mg,A11ABBBBB139301,https://common.health.kr/shared/images/sb_photo/big3/A11ABBBBB139301.jpg
K-008837,魹ｽ魹ｽ魹ｽﾕｿ魹ｽ魹ｽ鄙ｬ魹ｽ魹ｽﾄｸ魹ｽ魹ｽ 300mg/魹ｽ魹ｽ,A11ALLLLL010301,https://common.health.kr/shared/images/sb_photo/big3/A11ALLLLL010301.jpg
K-010448,魹ｽ魹ｽﾇｪ魹ｽ魹ｽ魹ｽ魹ｽ魹ｽ魹ｽ 200mg/PTP,A11AHHHHH024001,https://common.health.kr/shared/images/sb_photo/big3/A11AHHHHH024001.jpg
K-011676,魹ｽ魹ｽ魹ｽ魹ｽ魹ｽ魹ｽ魹ｽ魹ｽﾆｮ魹ｽ魹ｽ 175mg/PTP,A11AKP08F087803,https://common.health.kr/shared/images/sb_photo/big3/A11AKP08F087803.jpg
K-038216,魹ｽﾃｷﾎｶ魹ｽ魹ｽ魹ｽ魹ｽﾄｸ魹ｽ魹ｽ 10mg/PTP,2.01601E+14,https://common.health.kr/shared/images/sb_photo/big3/201601270004102.jpg
K-013391,魹ｽ魹ｽﾇｪ魹ｽ魹ｽﾅｾ魹ｽﾃｷ魹ｽ魹ｽ魹ｽ魹ｽ魹ｽ魹ｽ魹ｽﾄｸ魹ｽ魹ｽ 75mg/PTP,A11AKKKKK049102,https://common.health.kr/shared/images/sb_photo/big3/A11AKKKKK049102.jpg
K-014179,魹ｽﾆｷﾎｳ魹ｽ魹ｽﾎｾ魹ｽ魹ｽﾃｷ魹ｽ魹ｽ魹ｽ魹ｽ魹ｽ 618.56mg/魹ｽ魹ｽ,A11AOOOOO218001,https://common.health.kr/shared/images/sb_photo/big3/A11AOOOOO218001.jpg
K-013969,魹ｽ魹ｽ魹ｽﾚｴ魹ｽ魹ｽ魹ｽﾄｸ魹ｽ魹ｽ 200mg,2.00907E+14,https://common.health.kr/shared/images/sb_photo/big3/200907150306601.jpg
K-014274,魹ｽ魹ｽ魹ｽﾞｾ魹ｽ魹ｽ魹ｽ魹ｽﾌｽ魹ｽ魹ｽ魹ｽ 10mg/PTP,A11AOOOOO416002,https://common.health.kr/shared/images/sb_photo/big3/A11AOOOOO416002.jpg
K-015770,魹ｽ魹ｽ魹ｽ魹ｽ魹ｽ魹ｽ魹ｽ魹ｽﾄｸ魹ｽ魹ｽ(魹ｽ魹ｽ魹ｽ魹ｽ魹ｽ魹ｽ魹ｽ魹ｽ魹ｽ魹ｽ魹ｽ魹ｽ),A11AOOOOO493901,https://common.health.kr/shared/images/sb_photo/big3/A11AOOOOO493901.jpg
K-016056,魹ｽ魹ｽ魹ｽ魹ｽ魹ｽ魹ｽ魹ｽﾄｸ魹ｽ魹ｽ 300mg,A11AKP08G413402,https://common.health.kr/shared/images/sb_photo/big3/A11AKP08G413402.jpg
K-016025,魹ｽ魹ｽ魹ｽ魹ｽ魹ｽ魹ｽﾆｮﾄｸ魹ｽ魹ｽ 300mg,A11AOOOOO364101,https://common.health.kr/shared/images/sb_photo/big3/A11AOOOOO364101.jpg
K-018208,魹ｽ魹ｽ魹ｽ魹ｽ魹ｽ魹ｽﾄｸ魹ｽ魹ｽ 457.7mg/魹ｽ魹ｽ,A11AOOOOO966701,https://common.health.kr/shared/images/sb_photo/big3/A11AOOOOO966701.jpg
K-019882,魹ｽﾖｵ魹ｽ魹ｽ魹ｽ魹ｽ魹ｽ魹ｽ魹ｽﾖｿ魹ｽ魹ｽ魹ｽﾄｸ魹ｽ魹ｽ 200mg/PTP,A11AKP08D015501,https://common.health.kr/shared/images/sb_photo/big3/A11AKP08D015501.jpg
K-019605,魹ｽﾝｱﾗｸ魹ｽ魹ｽ魹ｽ魹ｽ魹ｽﾄｸ魹ｽ魹ｽ 100mg/PTP,A11ACCCCC004203,https://common.health.kr/shared/images/sb_photo/big3/A11ACCCCC004203.jpg
K-019881,魹ｽ魹ｽ魹ｽ魹ｽ魹ｽ魹ｽ魹ｽ魹ｽ(魹ｽ魹ｽﾆｼ魹ｽ魹ｽ魹ｽ魹ｽ魹ｽ魹ｽ魹ｽ徜ｰ),A11ABBBBB252708,https://common.health.kr/shared/images/sb_photo/big3/A11ABBBBB252708.jpg
K-023901,魹ｽ魹ｽ魹ｽﾝｵ魹ｽ魹ｽﾃｷ魹ｽ魹ｽ魹ｽ魹ｽ魹ｽ魹ｽ魹ｽ魹ｽ魹ｽ 200mg/PTP,A11AKP08G395204,https://common.health.kr/shared/images/sb_photo/big3/A11AKP08G395204.jpg
K-024603,魹ｽ魹ｽ魹ｽﾃｺ魹ｽ魹ｽ豼ｬ魹ｽ魹ｽﾄｸ魹ｽ魹ｽ 300mg/PTP,A11AKP08L011906,https://common.health.kr/shared/images/sb_photo/big3/A11AKP08L011906.jpg
K-024770,魹ｽﾝｹ魹ｽ魹ｽﾝｵ蠢ｬ魹ｽ魹ｽﾄｸ魹ｽ魹ｽ 200mg/PTP,2.01806E+14,https://common.health.kr/shared/images/sb_photo/big3/201806290001101.jpg
K-025476,魹ｽ璜｣魹ｽ魹ｽ魹ｽ魹ｽ 500mg/魹ｽ魹ｽ,A11AKP09D012301,https://common.health.kr/shared/images/sb_photo/big3/A11AKP09D012301.jpg
K-025268,魹ｽﾎｽ魹ｽ魹ｽ魹ｽ魹ｽﾇｴ魹ｽ魹ｽ魹ｽ魹ｽ魹ｽ(魹ｽ魹ｽ魹ｽﾈｭ魹ｽ魹ｽﾆｿ魹ｽ魹ｽ魹ｽ魹ｽ魹ｽ魹ｽ魹ｽ魹ｽ魹ｽ),A11A0760A000103,https://common.health.kr/shared/images/sb_photo/big3/A11A0760A000103.jpg
K-026298,魹ｽ魹ｽ魹ｽ魹ｽ魹ｽ魹ｽ魹ｽ魹ｽﾄｭ魹ｽ魹ｽ 175mg/魹ｽ魹ｽ,2.00909E+14,https://common.health.kr/shared/images/sb_photo/big3/200909070046802.jpg
K-026455,ﾅｬ魹ｽ魹ｽﾆｾ魹ｽ魹ｽ(魹ｽﾎｶ魹ｽﾅｸ魹ｽ魹ｽ),2.00909E+14,https://common.health.kr/shared/images/sb_photo/big3/200909180001501.jpg
K-025791,魹ｽ魹ｽ魹ｽ魹ｽﾎｿ魹ｽ魹ｽ魹ｽﾄｸ魹ｽ魹ｽ 20mg/魹ｽ魹ｽ,2.00907E+14,https://common.health.kr/shared/images/sb_photo/big3/200907150609601.jpg
K-026632,魹ｽ魹ｽ魹ｽﾚｶ魹ｽ魹ｽ魹ｽ魹ｽ魹ｽ魹ｽ魹ｽ魹ｽ魹ｽ魹ｽ魹ｽ魹ｽ 5mg/PTP,2.00909E+14,https://common.health.kr/shared/images/sb_photo/big3/200909230005503.jpg
K-027838,魹ｽﾇｽﾃｵ魹ｽﾄｸ魹ｽ魹ｽ 100mg/PTP,2.0101E+14,https://common.health.kr/shared/images/sb_photo/big3/201010110000402.jpg
K-029603,魹ｽ魹ｽ魹ｽ魹ｽﾝｿ魹ｽ魹ｽ魹ｽ魹ｽ魹ｽ魹ｽ魹ｽﾄｸ魹ｽ魹ｽ 200mg/PTP,2.01205E+14,https://common.health.kr/shared/images/sb_photo/big3/201205090000203.jpg
K-029607,魹ｽ魹ｽ魹ｽ魹ｽ魹ｽ魹ｽ魹ｽ魹ｽ魹ｽ魹ｽ魹ｽ魹ｽ魹ｽ魹ｽ魹ｽﾄｸ魹ｽ魹ｽ 200mg/PTP,2.01205E+14,https://common.health.kr/shared/images/sb_photo/big3/201205090000603.jpg
K-029751,魹ｽ魹ｽ魹ｽ魹ｽ魹ｽﾝｵ魹ｽ魹ｽﾌｾﾘｳ魹ｽ魹ｽﾕｿ魹ｽ魹ｽ魹ｽﾄｸ魹ｽ魹ｽ 200mg/PTP,2.01206E+14,https://common.health.kr/shared/images/sb_photo/big3/201206250001402.jpg
K-030085,魹ｽ魹ｽ魹ｽﾞｾ魹ｽ魹ｽ魹ｽ 15mg/PTP,2.0121E+14,https://common.health.kr/shared/images/sb_photo/big3/201210040002102.jpg
K-030590,魹ｽ魹ｽ魹ｽ魹ｽ魹ｽ魹ｽ6魹ｽﾌｺ徜ｬ魹ｽ魹ｽﾄｸ魹ｽ魹ｽ 200mg,2.01301E+14,https://common.health.kr/shared/images/sb_photo/big3/201301180001502.jpg
K-030850,魹ｽ魹ｽ魹ｽ魹ｽ魹ｽ250ﾄｸ魹ｽ魹ｽ 282.5mg,2.01303E+14,https://common.health.kr/shared/images/sb_photo/big3/201303120001002.jpg
K-031467,魹ｽﾌｺﾎｷﾎｿ魹ｽ魹ｽ魹ｽ魹ｽ魹ｽﾄｸ魹ｽ魹ｽ 400mg/PTP,2.01307E+14,https://common.health.kr/shared/images/sb_photo/big3/201307260001502.jpg
K-031282,魹ｽﾛｷﾎｰ魹ｽ魹ｽ魹ｽﾆｮ魹ｽ魹ｽ(魹ｽﾋｸ魹ｽ魹ｽ魹ｽ魹ｽ魹ｽﾆｮ),2.01306E+14,https://common.health.kr/shared/images/sb_photo/big3/201306260000601.jpg
K-031387,魹ｽﾜｼ魹ｽ魹ｽ魹ｽﾅｸ魹ｽ魹ｽ魹ｽ魹ｽ魹ｽﾌｾ魹ｽ魹ｽ魹ｽ 600mg/魹ｽ魹ｽ,2.01307E+14,https://common.health.kr/shared/images/sb_photo/big3/201307120000601.jpg
K-032040,魹ｽ魹ｽ魹ｽ魹ｽ魹ｽ魹ｽ魹ｽ魹ｽ魹ｽ魹ｽﾄｸ魹ｽ魹ｽ 8mg/PTP,2.0131E+14,https://common.health.kr/shared/images/sb_photo/big3/201310240001401.jpg
K-032980,魹ｽ魹ｽ魹ｽ魹ｽ魹ｽﾝｳ魹ｽ魹ｽ跎ｬ魹ｽ魹ｽﾄｸ魹ｽ魹ｽ 200mg/PTP,2.01404E+14,https://common.health.kr/shared/images/sb_photo/big3/201404160000402.jpg
K-032997,魹ｽ魹ｽﾆｽ魹ｽ魹ｽ魹ｽ魹ｽ魹ｽ魹ｽ 200mg/魹ｽ魹ｽ,2.01404E+14,https://common.health.kr/shared/images/sb_photo/big3/201404220000302.jpg
K-035723,魹ｽ魹ｽ魹ｽ魹ｽ魹ｽ魹ｽ魹ｽ魹ｽﾄｸ魹ｽ魹ｽ 250mg/PTP,2.01503E+14,https://common.health.kr/shared/images/sb_photo/big3/201503260001902.jpg
K-001744,"魹ｽﾞｵ魹ｽ魹ｽ魹ｽ魹ｽ魹ｽ魹ｽ魹ｽ魹ｽ魹ｽﾄｸ魹ｽ魹ｽ(魹ｽﾙｽﾇｷ鄂ｺ魹ｽ魹ｽ魹ｽ魹ｽﾆｿ魹ｽ魹ｽ魹ｽ魹ｽ魹ｽ魹ｽ,魹ｽ魹ｽ魹ｽﾗｷ魹ｽ魹ｽ魹ｽ魹ｽ魹ｽ魹ｽ魹ｽ魹ｽ菴ｷ魹ｽﾕｹ魹ｽ郢ｰ)",A11A2140A014701,https://common.health.kr/shared/images/sb_photo/big3/A11A2140A014701.jpg
K-022759,魹ｽ魹ｽ魹ｽ魹ｽ魹ｽ魹ｽ魹ｽ魹ｽ 175mg/PTP,A11AKP08F089604,https://common.health.kr/shared/images/sb_photo/big3/A11AKP08F089604.jpg
K-022976,魹ｽ魹ｽ魹ｽﾌｺ魹ｽ魹ｽ魹ｽ魹ｽ魹ｽ 0.075mg/PTP,A11AKP08G271601,https://common.health.kr/shared/images/sb_photo/big3/A11AKP08G271601.jpg
K-022977,魹ｽﾌｴﾏｺ魹ｽ魹ｽ魹ｽ30 0.15mg/PTP,A11ADDDDD066201,https://common.health.kr/shared/images/sb_photo/big3/A11ADDDDD066201.jpg
K-023015,魹ｽﾆｷﾎｹ魹ｽ魹ｽﾊｸ魹ｽ魹ｽ魹ｽ魹ｽ魹ｽ魹ｽ魹ｽ 54.57mg/魹ｽ魹ｽ,A11AKP08B008901,https://common.health.kr/shared/images/sb_photo/big3/A11AKP08B008901.jpg
K-027889,魹ｽﾆｽ魹ｽ魹ｽﾉｾ魹ｽ魹ｽ魹ｽ魹ｽ魹ｽ魹ｽ 100mg/魹ｽ魹ｽ,2.01011E+14,https://common.health.kr/shared/images/sb_photo/big3/201011030000503.jpg
K-027959,魹ｽﾄｿ魹ｽ魹ｽ魹ｽ魹ｽ魹ｽ魹ｽ魹ｽﾄｸ魹ｽ魹ｽ 0.33mg/PTP,2.01012E+14,https://common.health.kr/shared/images/sb_photo/big3/201012020000501.jpg
K-027961,ﾅ･魹ｽﾙｾ魹ｽ魹ｽ魹ｽ蠢ｬ魹ｽ魹ｽﾄｸ魹ｽ魹ｽ 300mg/PTP,2.01012E+14,https://common.health.kr/shared/images/sb_photo/big3/201012060000303.jpg
K-027962,魹ｽ魹ｽ魹ｽ魹ｽ魹ｽ魹ｽ魹ｽ魹ｽ魹ｽ魹ｽ魹ｽ魹ｽﾄｸ魹ｽ魹ｽ 15mg/PTP,2.01012E+14,https://common.health.kr/shared/images/sb_photo/big3/201012060000401.jpg
K-027984,魹ｽ魹ｽ魹ｽ魹ｽ魹ｽ魹ｽ魹ｽ魹ｽﾄｸ魹ｽ魹ｽ 590mg/PTP,2.01012E+14,https://common.health.kr/shared/images/sb_photo/big3/201012200001001.jpg
K-028239,ﾄｮﾆｮ魹ｽ魹ｽ魹ｽ魹ｽﾆｮ魹ｽ魹ｽ400,2.01102E+14,https://common.health.kr/shared/images/sb_photo/big3/201102280004002.jpg
K-028245,ﾄｮ魹ｽ魹ｽ魹ｽ魹ｽ魹ｽ魹ｽ魹ｽ魹ｽ魹ｽ,2.01103E+14,https://common.health.kr/shared/images/sb_photo/big3/201103020002601.jpg
K-028281,魹ｽﾋｺﾎｰ魹ｽ蠢ｬ魹ｽ魹ｽﾄｸ魹ｽ魹ｽ 20mg/PTP,2.01104E+14,https://common.health.kr/shared/images/sb_photo/big3/201104040000401.jpg
K-028387,魹ｽ魹ｽ魹ｽ魹ｽﾅｸ魹ｽ魹ｽ魹ｽ魹ｽ魹ｽ魹ｽ魹ｽﾌｾ魹ｽ魹ｽ魹ｽ 50mg/魹ｽ魹ｽ,2.01104E+14,https://common.health.kr/shared/images/sb_photo/big3/201104220000103.jpg
K-028397,魹ｽ魹ｽ魹ｽ魹ｽ魹ｽ魹ｽ魹ｽ魹ｽ魹ｽﾄｸ魹ｽ魹ｽ 250mg/PTP,2.01104E+14,https://common.health.kr/shared/images/sb_photo/big3/201104250001001.jpg
K-038188,ﾈｭ魹ｽﾝｾ魹ｽ魹ｽ魹ｽ魹ｽ跎ｬ魹ｽ魹ｽﾄｸ魹ｽ魹ｽ 200mg/PTP,2.01601E+14,https://common.health.kr/shared/images/sb_photo/big3/201601270001302.jpg
K-038243,魹ｽ魹ｽ魹ｽ魹ｽ魹ｽ魹ｽ魹ｽ魹ｽ 300mg/PTP,2.01601E+14,https://common.health.kr/shared/images/sb_photo/big3/201601290000801.jpg
K-038279,ﾈｭ魹ｽﾝｾ魹ｽ魹ｽﾝｵ蠢ｬ魹ｽ魹ｽﾄｸ魹ｽ魹ｽ 200mg/PTP,2.01602E+14,https://common.health.kr/shared/images/sb_photo/big3/201602040001502.jpg
K-038533,魹ｽ魹ｽ魹ｽ魹ｽﾅｸ魹ｽ魹ｽ魹ｽ魹ｽﾄｸ魹ｽ魹ｽ 150mg/PTP,2.01603E+14,https://common.health.kr/shared/images/sb_photo/big3/201603140000201.jpg
K-038554,ﾅ･魹ｽ魹ｽ魹ｽ魹ｽ魹ｽ魹ｽ 16.75mg/魹ｽ魹ｽ,2.01603E+14,https://common.health.kr/shared/images/sb_photo/big3/201603160001103.jpg
K-038614,魹ｽ魹ｽ魹ｽﾗｺ𠹭ｨｸ魹ｽ魹ｽ魹ｽ魹ｽ魹ｽﾄｸ魹ｽ魹ｽ 500mg/PTP,2.01603E+14,https://common.health.kr/shared/images/sb_photo/big3/201603310001101.jpg
K-038852,魹ｽ魹ｽ魹ｽﾎｳ魹ｽ魹ｽ魹ｽ魹ｽ魹ｽ 421.54mg/魹ｽ魹ｽ,2.01605E+14,https://common.health.kr/shared/images/sb_photo/big3/201605020000702.jpg
